grid_id,longitude,latitude,gold_label_strict,distance_to_nearest_deposit_km,distance_to_nearest_broad_gold_site_km,spatial_fold,Random Forest,XGBoost,final_ensemble_score,model_disagreement,final_rank,pre_gravity_rank,pre_gravity_score,rank_movement_after_gravity_reduction,final_tier
33,122.01173064183382,-31.365253323751347,0.0,18.903547866480107,12.295171104796475,0,0.8140829075620764,0.9527933597564697,0.883438133659273,0.13871045219439337,1,1,0.8334633234498153,0,Final Tier 2
221,121.8032160705464,-30.466942148760324,0.0,18.009078786737657,4.632819569077178,2,0.7816872074146145,0.9689008593559265,0.8752940333852706,0.187213651941312,2,8,0.6549075629793338,6,Final Tier 3
129,122.11598792747752,-30.91609773625584,0.0,15.962719068163134,2.1198515062521333,0,0.8473820950899245,0.8911609053611755,0.86927150022555,0.04377881027125108,3,3,0.7395643809242255,0,Final Tier 1
148,122.11598792747752,-30.826266618756733,0.0,17.52649598823405,3.159705639560677,0,0.6959918489806561,0.8652012348175049,0.7805965418990806,0.16920938583684875,4,10,0.6335612569223107,6,Final Tier 3
149,122.22024521312125,-30.826266618756733,0.0,23.708788516850724,10.328318444606705,0,0.6577488850547498,0.8307135701179504,0.7442312275863501,0.17296468506320062,5,4,0.7017141186885064,-1,Final Tier 3
167,122.11598792747752,-30.73643550125763,0.0,17.823688899353172,7.073179525548859,0,0.6543986106894273,0.7968461513519287,0.725622381020678,0.14244754066250143,6,13,0.5983449666586826,7,Final Tier 2
247,120.55212864282186,-30.28727991376212,0.0,17.344664728645377,8.541085404333655,1,0.6796604862051954,0.7450007200241089,0.7123306031146521,0.06534023381891352,7,11,0.6103545941752068,4,Final Tier 2
14,122.01173064183382,-31.45508444125045,0.0,17.43820683486053,7.493767469121053,0,0.599838161210416,0.7520579099655151,0.6759480355879656,0.15221974875509914,8,5,0.6719368982108475,-3,Final Tier 3
191,120.65638592846555,-30.556773266259427,0.0,17.39245997255826,3.1582368997653445,1,0.5617612817706243,0.7357504963874817,0.648755889079053,0.17398921461685735,9,9,0.6346699898147609,0,Final Tier 3
275,121.49044421361526,-30.19744879626301,0.0,19.44481820695817,7.581861142011945,2,0.7280325570835919,0.550137996673584,0.639085276878588,0.17789456041000795,10,2,0.7622772950735665,-8,Final Tier 3
185,122.01173064183382,-30.64660438375853,0.0,15.77874313108673,3.642053889240729,0,0.5478600373163671,0.703689694404602,0.6257748658604846,0.15582965708823493,11,29,0.4265611135115578,18,Final Tier 3
166,122.01173064183382,-30.73643550125763,0.0,15.296379583783414,4.800980304862492,0,0.5653472709060302,0.4700518846511841,0.5176995777786071,0.09529538625484613,12,28,0.4296872303692218,16,Lower
173,120.76064321410928,-30.64660438375853,0.0,16.10097733382347,2.616181677849835,1,0.48056582656559277,0.5372231006622314,0.5088944636139121,0.05665727409663868,13,35,0.4163833121331283,22,Lower
402,120.864900499753,-29.568630973769302,0.0,19.791924307876137,5.324070412919499,3,0.5856114896432533,0.40272057056427,0.49416603010376164,0.18289091907898325,14,14,0.5886528127291216,0,Lower
400,120.65638592846555,-29.568630973769302,0.0,20.81524507187456,5.578547831956861,3,0.5227956977384778,0.40246111154556274,0.46262840464202026,0.12033458619291504,15,6,0.6615482440251748,-9,Lower
94,122.42875978440868,-31.09575997125404,0.0,22.372389434587404,19.16780957832895,0,0.49111445781243834,0.40289562940597534,0.44700504360920684,0.088218828406463,16,22,0.4854007779794067,6,Lower
307,120.864900499753,-30.017786561264813,0.0,22.600553241621583,19.60397295501249,3,0.4908124091383658,0.35910388827323914,0.4249581487058025,0.1317085208651267,17,19,0.5295032934598792,2,Lower
113,122.42875978440868,-31.00592885375493,0.0,21.786153210162507,17.353652467875612,0,0.45333449341136517,0.38749900460243225,0.42041674900689874,0.06583548880893292,18,40,0.3935534236524622,22,Lower
228,120.55212864282186,-30.377111031261222,0.0,20.294377666355032,12.085785095989772,1,0.49644268226413074,0.32970914244651794,0.41307591235532437,0.1667335398176128,19,12,0.5990210116143819,-7,Lower
172,120.65638592846555,-30.64660438375853,0.0,25.483609508482672,7.14006574300647,1,0.4444805425355636,0.34439727663993835,0.39443890958775096,0.10008326589562527,20,21,0.4855720730147048,1,Lower
150,122.32450249876496,-30.826266618756733,0.0,26.32348798556896,19.327138824811108,0,0.4353789842439302,0.33381906151771545,0.3845990228808228,0.10155992272621472,21,20,0.4985960786387114,-1,Lower
242,122.01173064183382,-30.377111031261222,0.0,22.049748448805744,2.8560343731353326,2,0.48511475788460623,0.2836747467517853,0.38439475231819575,0.20144001113282095,22,24,0.4735395990149066,2,Lower
383,120.864900499753,-29.658462091268404,0.0,15.118263215298398,9.689615065633314,3,0.5024377785152171,0.22252191603183746,0.3624798472735273,0.27991586248337963,23,18,0.5456683743482776,-5,Lower
399,120.55212864282186,-29.568630973769302,0.0,18.91706339619117,4.182355947280675,3,0.49153062947208476,0.2314971685409546,0.36151389900651965,0.26003346093113017,24,17,0.5574117936123445,-7,Lower
131,122.32450249876496,-30.91609773625584,0.0,17.889114900044692,12.10234161910658,0,0.40684760344092985,0.2989223897457123,0.35288499659332107,0.10792521369521757,25,44,0.3574173517568074,19,Lower
308,120.9691577853967,-30.017786561264813,0.0,16.222498622189743,15.034568301050546,3,0.4503664506155453,0.20135170221328735,0.32585907641441636,0.24901474840225796,26,38,0.4022752055916328,12,Lower
34,122.11598792747752,-31.365253323751347,0.0,21.927796940086736,19.93361881053369,0,0.3509650516301487,0.28085359930992126,0.315909325470035,0.07011145232022742,27,7,0.6596305525483608,-20,Lower
223,122.01173064183382,-30.466942148760324,0.0,17.820009168077874,1.6094628387453127,2,0.4488458884284807,0.163870707154274,0.30635829779137735,0.28497518127420673,28,25,0.4403734249278198,-3,Lower
405,121.17767235668413,-29.568630973769302,0.0,15.424338905377736,5.112781105868493,3,0.438248645488611,0.16429761052131653,0.30127312800496375,0.27395103496729445,29,26,0.4391792219206746,-3,Lower
151,122.42875978440868,-30.826266618756733,0.0,31.961127710827167,19.97341424606497,0,0.3248789523458578,0.2713393270969391,0.2981091397213984,0.0535396252489187,30,60,0.2706065175411785,30,Lower
364,120.864900499753,-29.748293208767507,0.0,16.206080427512628,15.224758021257424,3,0.3971490348680837,0.19064974784851074,0.29389939135829724,0.20649928701957293,31,23,0.480189044886802,-8,Lower
274,121.38618692797156,-30.19744879626301,0.0,15.267943458397127,10.11002340035778,1,0.42943884159518936,0.1452656239271164,0.28735223276115285,0.28417321766807296,32,15,0.5803801946018883,-17,Lower
132,122.42875978440868,-30.91609773625584,0.0,25.46173135397681,20.0843371011182,0,0.28980433451587195,0.2628214359283447,0.27631288522210834,0.026982898587527226,33,63,0.250067133460886,30,Lower
326,120.864900499753,-29.92795544376571,0.0,24.19461858870622,21.224892090927028,3,0.3257023658449108,0.16841062903404236,0.24705649743947658,0.15729173681086844,34,42,0.3772641867475619,8,Lower
368,121.28192964232784,-29.748293208767507,0.0,15.162747887282718,15.162747887282718,3,0.3185366021279775,0.12101380527019501,0.21977520369908626,0.1975227968577825,35,41,0.3882579578639791,6,Lower
222,121.90747335619012,-30.466942148760324,0.0,22.2608991792568,3.292580447306074,2,0.2936811087943144,0.14362747967243195,0.21865429423337318,0.15005362912188247,36,59,0.2782066315087755,23,Lower
293,121.38618692797156,-30.10761767876392,0.0,18.63211245721693,10.031274681199545,3,0.3643952315574995,0.05996407940983772,0.2121796554836686,0.30443115214766175,37,36,0.4139025091813322,-1,Lower
153,120.65638592846555,-30.73643550125763,0.0,24.742770404760588,11.62376132689785,1,0.238414954168691,0.18350352346897125,0.2109592388188311,0.05491143069971974,38,57,0.2898075500534027,19,Lower
15,122.11598792747752,-31.45508444125045,0.0,27.30952429770132,17.38098969959508,0,0.2910055316300046,0.12790407240390778,0.20945480201695618,0.1631014592260968,39,16,0.5778485402210759,-23,Lower
204,122.01173064183382,-30.556773266259427,0.0,17.546679306593347,4.603343848011826,0,0.30629440958066473,0.10791799426078796,0.20710620192072635,0.19837641531987676,40,65,0.2340322794206024,25,Lower
387,121.28192964232784,-29.658462091268404,0.0,19.817993387024185,14.110357005007604,3,0.2843774888673538,0.11419153958559036,0.1992845142264721,0.17018594928176345,41,48,0.3480581667950826,7,Lower
406,121.28192964232784,-29.568630973769302,0.0,23.10463996193021,15.178115074819674,3,0.2882272275827615,0.10331340879201889,0.19577031818739019,0.1849138187907426,42,55,0.3152905557854509,13,Lower
261,122.01173064183382,-30.28727991376212,0.0,29.22979593155328,7.885860941010093,2,0.2866627223886364,0.10336063802242279,0.1950116802055296,0.1833020843662136,43,61,0.2626694927834131,18,Lower
170,122.42875978440868,-30.73643550125763,0.0,26.65620266331785,10.004605714060943,0,0.22967890221551393,0.1585608422756195,0.1941198722455667,0.07111805993989442,44,67,0.2303955399925909,23,Lower
315,121.69895878490269,-30.017786561264813,0.0,15.209682814815933,15.209682814815933,2,0.24622942735060407,0.12986627221107483,0.18804784978083944,0.11636315513952925,45,70,0.2245424445549217,25,Lower
169,122.32450249876496,-30.73643550125763,0.0,19.546229113558702,13.478635127259516,0,0.27207916260401593,0.09761442244052887,0.1848467925222724,0.17446474016348706,46,49,0.3449681875480335,3,Lower
363,120.76064321410928,-29.748293208767507,0.0,17.74070826510308,14.790199790066676,3,0.3053271827564458,0.06433150172233582,0.18482934223939082,0.24099568103411,47,30,0.425450181978425,-17,Lower
382,120.76064321410928,-29.658462091268404,0.0,20.056324977153643,14.506873420166604,3,0.31243001501963713,0.056769877672195435,0.18459994634591628,0.2556601373474417,48,31,0.4201131081325455,-17,Lower
325,120.76064321410928,-29.92795544376571,0.0,17.412591713219847,11.968888846657682,3,0.3173847062077596,0.05036890506744385,0.18387680563760173,0.26701580114031576,49,32,0.4190017237690542,-17,Lower
171,120.55212864282186,-30.64660438375853,0.0,31.35079433913683,16.240891083159134,1,0.29021682475345884,0.06388188898563385,0.17704935686954634,0.22633493576782499,50,51,0.3276354226430683,1,Lower
417,122.42875978440868,-29.568630973769302,0.0,20.151597430354137,4.951829869954408,2,0.2896153785735627,0.06313890218734741,0.17637714038045504,0.22647647638621526,51,27,0.4381361527859621,-24,Lower
298,121.90747335619012,-30.10761767876392,0.0,20.56887116158095,6.225562579305993,2,0.19440257954086337,0.14729376137256622,0.1708481704567148,0.04710881816829715,52,91,0.1647013716423547,39,Lower
294,121.49044421361526,-30.10761767876392,0.0,20.873617177362146,17.26906032573903,2,0.23749004280726743,0.08430790156126022,0.16089897218426383,0.1531821412460072,53,73,0.2173916390145173,20,Lower
241,121.90747335619012,-30.377111031261222,0.0,20.86498269444385,3.773266352569397,2,0.22229496167848906,0.08365940302610397,0.15297718235229651,0.13863555865238508,54,58,0.2828351845552958,4,Lower
314,121.59470149925896,-30.017786561264813,0.0,18.306168941816995,18.306168941816995,2,0.2046292651712744,0.08863821625709534,0.14663374071418486,0.11599104891417905,55,75,0.20662575961661,20,Lower
168,122.22024521312125,-30.73643550125763,0.0,15.825115302850172,13.023948974733909,0,0.22908743804566115,0.06031034141778946,0.1446988897317253,0.1687770966278717,56,53,0.3244678479905558,-3,Lower
190,120.55212864282186,-30.556773266259427,0.0,24.35127718127187,12.602713618156418,1,0.25410058221949705,0.029644519090652466,0.14187255065507476,0.22445606312884459,57,37,0.4056723605734086,-20,Lower
344,120.76064321410928,-29.83812432626661,0.0,20.436046055117227,14.912646379600416,3,0.2482638227843617,0.03342367708683014,0.14084374993559592,0.21484014569753157,58,39,0.3949419632075124,-19,Lower
209,120.55212864282186,-30.466942148760324,0.0,20.066087147606734,10.99541561256338,1,0.25478974494006607,0.025466568768024445,0.14012815685404525,0.22932317617204162,59,34,0.4176136988069197,-25,Lower
312,121.38618692797156,-30.017786561264813,0.0,21.277923341071,16.202553728413715,3,0.2494233292445549,0.028577610850334167,0.13900047004744454,0.22084571839422074,60,52,0.3270427009404342,-8,Lower
345,120.864900499753,-29.83812432626661,0.0,20.75195980529897,20.48604274488388,3,0.23979624717047385,0.03649044781923294,0.1381433474948534,0.2033057993512409,61,43,0.3648719488715164,-18,Lower
208,122.42875978440868,-30.556773266259427,0.0,17.752789029465355,10.052661486392322,0,0.16737494453272028,0.08597130328416824,0.12667312390844426,0.08140364124855204,62,106,0.123612864857563,44,Lower
74,122.32450249876496,-31.185591088753142,0.0,19.363699791732955,15.139977279223992,0,0.17223662561243752,0.0669558122754097,0.11959621894392361,0.10528081333702782,63,54,0.3167983708875012,-9,Lower
189,122.42875978440868,-30.64660438375853,0.0,21.177463943316308,0.8935197808885996,0,0.16456597636410444,0.0723293274641037,0.11844765191410407,0.09223664890000075,64,109,0.1178716094191282,45,Lower
317,121.90747335619012,-30.017786561264813,0.0,25.04991970518204,7.802537808715561,2,0.1903310521959559,0.046063121408224106,0.11819708680209,0.14426793078773179,65,118,0.1020694043090756,53,Lower
280,122.01173064183382,-30.19744879626301,0.0,30.28606302107668,6.060794998289142,2,0.16779198667253636,0.06844476610422134,0.11811837638837885,0.09934722056831502,66,100,0.1372029567901707,34,Lower
401,120.76064321410928,-29.568630973769302,0.0,26.25510393878796,15.353201257443978,3,0.2012994648569111,0.03360768035054207,0.11745357260372659,0.16769178450636904,67,46,0.3544895359328281,-21,Lower
64,121.28192964232784,-31.185591088753142,0.0,17.670683245518898,17.670683245518898,4,0.20754815562264994,0.027055418118834496,0.11730178687074222,0.18049273750381545,68,33,0.4188680916265191,-35,Lower
316,121.8032160705464,-30.017786561264813,0.0,18.13271528653292,7.997227613262765,2,0.19127713037593136,0.04171116650104523,0.11649414843848829,0.14956596387488613,69,102,0.1319238597332453,33,Lower
75,122.42875978440868,-31.185591088753142,0.0,26.94367783897373,22.980314605864137,0,0.15991290446071693,0.06338316947221756,0.11164803696646725,0.09652973498849937,70,47,0.3539791889277361,-23,Lower
411,121.8032160705464,-29.568630973769302,0.0,36.30929990148349,4.920959887223679,2,0.16977781442108394,0.050910040736198425,0.11034392757864118,0.11886777368488552,71,114,0.1037754092625625,43,Lower
243,122.11598792747752,-30.377111031261222,0.0,15.37458975181482,7.291942488116274,2,0.180204050548225,0.03453158587217331,0.10736781821019915,0.1456724646760517,72,56,0.3002059097741088,-16,Lower
341,122.42875978440868,-29.92795544376571,0.0,16.89362117870692,7.214353974224814,2,0.17921435426307808,0.034760549664497375,0.10698745196378773,0.1444538045985807,73,117,0.1021166394297354,44,Lower
279,121.90747335619012,-30.19744879626301,0.0,20.450163341344297,6.7103766449302,2,0.14445422085355977,0.056508779525756836,0.1004815001896583,0.08794544132780294,74,93,0.1529608158864948,19,Lower
260,121.90747335619012,-30.28727991376212,0.0,20.974776351940108,10.24269356021532,2,0.14784421915438695,0.04763194918632507,0.09773808417035601,0.10021226996806187,75,95,0.151968010226806,20,Lower
338,122.11598792747752,-29.92795544376571,0.0,16.548066592732663,11.101464093945852,2,0.14497254757895392,0.0489276722073555,0.09695010989315471,0.09604487537159842,76,132,0.0558290711947171,56,Lower
282,122.22024521312125,-30.19744879626301,0.0,15.504437876919052,10.546056847761816,2,0.17433251043412326,0.017568692564964294,0.09595060149954378,0.15676381786915897,77,76,0.2061394619240054,-1,Lower
62,121.07341507104042,-31.185591088753142,0.0,15.984546463162747,1.9213702817383835,4,0.1634097592483368,0.024959784001111984,0.0941847716247244,0.13844997524722483,78,50,0.3391842813084783,-28,Lower
375,122.01173064183382,-29.748293208767507,0.0,15.744096331703116,8.171831865277369,2,0.13149749346242973,0.04970189183950424,0.09059969265096698,0.08179560162292548,79,127,0.0746757333896698,48,Lower
413,122.01173064183382,-29.568630973769302,0.0,18.74937041808249,13.5072622497898,2,0.12340835103350035,0.057358600199222565,0.09038347561636145,0.06604975083427779,80,126,0.0763986742923884,46,Lower
54,122.22024521312125,-31.275422206252244,0.0,21.08018053481597,14.318889758526897,0,0.14709453118366714,0.030232394114136696,0.08866346264890192,0.11686213706953044,81,69,0.2260738814695408,-12,Lower
391,121.69895878490269,-29.658462091268404,0.0,44.19582534571094,18.936689395781787,2,0.14774636181262552,0.02845551073551178,0.08810093627406865,0.11929085107711374,82,120,0.0995399261830773,38,Lower
331,121.38618692797156,-29.92795544376571,0.0,23.37139726917041,19.748953050876736,3,0.15814036689024608,0.017081202939152718,0.0876107849146994,0.14105916395109336,83,71,0.219412636861625,-12,Lower
63,121.17767235668413,-31.185591088753142,0.0,16.22709868622054,8.013506422793172,4,0.1506328088714565,0.02146810106933117,0.08605045497039383,0.12916470780212533,84,45,0.3572893178682285,-39,Lower
299,122.01173064183382,-30.10761767876392,0.0,27.12393004162256,5.45444623218069,2,0.13605801064039505,0.03310168534517288,0.08457984799278397,0.10295632529522217,85,115,0.1035337878513761,30,Lower
227,122.42875978440868,-30.466942148760324,0.0,19.52918150582115,15.585814859666645,0,0.12943929124191914,0.033039264380931854,0.0812392778114255,0.09640002686098728,86,133,0.0444494338396827,47,Lower
392,121.8032160705464,-29.658462091268404,0.0,34.145230344941325,14.532238506428424,2,0.1266947879148227,0.022671280428767204,0.07468303417179495,0.10402350748605549,87,122,0.0962368811762201,35,Lower
369,121.38618692797156,-29.748293208767507,0.0,24.534158875731872,24.534158875731872,3,0.12675829950302056,0.020206954330205917,0.07348262691661324,0.10655134517281464,88,89,0.1674932763406814,1,Lower
412,121.90747335619012,-29.568630973769302,0.0,27.081311119564365,5.663203965382365,2,0.09622899445395812,0.037126488983631134,0.06667774171879462,0.059102505470326985,89,150,0.0196512213750365,61,Lower
56,122.42875978440868,-31.275422206252244,0.0,33.38676136727887,28.0878871955592,0,0.10354500677669455,0.02243824489414692,0.06299162583542073,0.08110676188254763,90,62,0.2512421216257184,-28,Lower
350,121.38618692797156,-29.83812432626661,0.0,23.697174611784508,23.05287471686771,3,0.1088330796333478,0.01122951414436102,0.06003129688885441,0.09760356548898678,91,112,0.1110239721901824,21,Lower
7,121.28192964232784,-31.45508444125045,0.0,16.840044761044457,15.90587799522,4,0.10694296181442138,0.012892370112240314,0.05991766596333085,0.09405059170218107,92,79,0.1915065676009045,-13,Lower
1,120.65638592846555,-31.45508444125045,0.0,51.437460332334105,35.700586118310724,4,0.09997796884979822,0.018279006704688072,0.059128487777243145,0.08169896214511015,93,94,0.1523328405567238,1,Lower
55,122.32450249876496,-31.275422206252244,0.0,26.79070835783545,19.96699460159669,0,0.09921957761526322,0.016029657796025276,0.05762461770564425,0.08318991981923794,94,66,0.2317550576005639,-28,Lower
356,122.01173064183382,-29.83812432626661,0.0,21.789452854625985,16.432117773818593,2,0.08626558410841366,0.028335746377706528,0.057300665243060094,0.05792983773070713,95,155,0.0139431725872776,60,Lower
262,122.11598792747752,-30.28727991376212,0.0,24.53388614771428,9.83470190887846,2,0.09065592542674704,0.013507721945643425,0.05208182368619523,0.07714820348110361,96,119,0.1000835307394288,23,Lower
0,120.55212864282186,-31.45508444125045,0.0,57.10895698952394,40.43335699773896,4,0.0776721932978642,0.017265157774090767,0.047468675535977486,0.06040703552377344,97,85,0.178550670281954,-12,Lower
43,121.07341507104042,-31.275422206252244,0.0,25.576759033461865,9.017386999755104,4,0.08290097353916966,0.010413933545351028,0.04665745354226034,0.07248703999381863,98,68,0.2275476586641991,-30,Lower
152,120.55212864282186,-30.73643550125763,0.0,34.65042072866529,20.373396716422643,1,0.08138539606605731,0.00973216537386179,0.04555878071995955,0.07165323069219552,99,107,0.1233522187864677,8,Lower
374,121.90747335619012,-29.748293208767507,0.0,25.080943049288525,17.186661927445538,2,0.06518084946864953,0.022007090970873833,0.043593970219761684,0.0431737584977757,100,138,0.0339828227613772,38,Lower
337,122.01173064183382,-29.92795544376571,0.0,25.10728758954287,20.13203283552537,2,0.0661433570594628,0.02061592787504196,0.04337964246725238,0.045527429184420834,101,140,0.0292551320551308,39,Lower
44,121.17767235668413,-31.275422206252244,0.0,24.76804599434328,11.942833927140155,4,0.07372715237698471,0.009604502469301224,0.04166582742314297,0.06412264990768349,102,72,0.2181912872884667,-30,Lower
318,122.01173064183382,-30.017786561264813,0.0,24.49490738066173,14.44360746365095,2,0.053625030171223366,0.017958983778953552,0.035792006975088456,0.035666046392269814,103,147,0.0223098479021052,44,Lower
60,120.864900499753,-31.185591088753142,0.0,15.673620939181626,7.314960448976593,4,0.058759670713705296,0.011532329022884369,0.035145999868294836,0.04722734169082093,104,84,0.1813271744935999,-20,Lower
114,120.55212864282186,-30.91609773625584,0.0,33.66740096329592,21.07538756898623,4,0.06098460014094395,0.008913173340260983,0.03494888674060247,0.05207142680068297,105,88,0.1682700360060938,-17,Lower
40,120.76064321410928,-31.275422206252244,0.0,29.24665675899218,13.593894199243488,4,0.05023939450766984,0.012433155439794064,0.031336274973731953,0.03780623906787578,106,96,0.1503640371778592,-10,Lower
300,122.11598792747752,-30.10761767876392,0.0,18.612041905467457,14.336952043989925,2,0.04318624537135306,0.0179225392639637,0.03055439231765838,0.025263706107389358,107,137,0.0347511003410297,30,Lower
95,120.55212864282186,-31.00592885375493,0.0,33.41414480430103,20.38603900396931,4,0.047591638891076024,0.011612928472459316,0.02960228368176767,0.03597871041861671,108,116,0.1024097649773083,8,Lower
42,120.9691577853967,-31.275422206252244,0.0,24.26201287730005,14.71416176157294,4,0.045804053561335004,0.011532329022884369,0.028668191292109686,0.034271724538450635,109,98,0.1461696239827302,-11,Lower
96,120.65638592846555,-31.00592885375493,0.0,23.50898122908286,10.745493065546189,4,0.045442758783072995,0.01029079221189022,0.027866775497481608,0.035151966571182774,110,101,0.1364688554684469,-9,Lower
16,122.22024521312125,-31.45508444125045,0.0,35.36903204244278,27.269807572508288,0,0.035719040641257985,0.01802004873752594,0.026869544689391962,0.017698991903732045,111,64,0.2372868600450438,-47,Lower
21,120.76064321410928,-31.365253323751347,0.0,37.96335977021795,23.40585180920542,4,0.041405649313311824,0.012213504873216152,0.026809577093263988,0.02919214444009567,112,103,0.1312982595819785,-9,Lower
39,120.65638592846555,-31.275422206252244,0.0,35.52844342996968,18.68726726197921,4,0.03966500423431117,0.012213504873216152,0.025939254553763662,0.02745149936109502,113,81,0.1846586048128802,-32,Lower
115,120.65638592846555,-30.91609773625584,0.0,23.958889154580827,11.990184672035316,4,0.0380216977458044,0.009805704466998577,0.023913701106401487,0.02821599327880582,114,99,0.139401467071575,-15,Lower
57,120.55212864282186,-31.185591088753142,0.0,37.27785508802033,23.3931039309576,4,0.03642156723289168,0.011238597333431244,0.023830082283161462,0.025182969899460436,115,110,0.1132351242646701,-5,Lower
41,120.864900499753,-31.275422206252244,0.0,25.143053170207004,14.72978754470223,4,0.03649217673732953,0.010102501139044762,0.023297338938187147,0.02638967559828477,116,86,0.1773899137145274,-30,Lower
6,121.17767235668413,-31.45508444125045,0.0,25.36586936294335,25.23024055802444,4,0.03347754780814217,0.009653831832110882,0.021565689820126525,0.023823715976031286,117,78,0.1988166289508735,-39,Lower
4,120.9691577853967,-31.45508444125045,0.0,44.16427402391657,31.1104611666685,4,0.0298791956597481,0.012421725317835808,0.021150460488791954,0.017457470341912293,118,128,0.073029300488089,10,Lower
281,122.11598792747752,-30.19744879626301,0.0,24.27743562550777,15.03571478568093,2,0.03163011322002695,0.01012351829558611,0.02087681575780653,0.02150659492444084,119,129,0.0621305842346578,10,Lower
133,120.55212864282186,-30.826266618756733,0.0,33.323734882034955,25.6905287428646,4,0.03389748500106563,0.007686974480748177,0.020792229740906904,0.026210510520317455,120,123,0.0944211073757651,3,Lower
38,120.55212864282186,-31.275422206252244,0.0,42.70683736382505,26.650074850637093,4,0.030551377023972013,0.01019124686717987,0.02037131194557594,0.020360130156792142,121,124,0.0815370420861677,3,Lower
22,120.864900499753,-31.365253323751347,0.0,34.90322580604759,24.08268982861804,4,0.027623051698796416,0.012909075245261192,0.020266063472028806,0.014713976453535223,122,87,0.1693190432638561,-35,Lower
37,122.42875978440868,-31.365253323751347,0.0,40.701823161140354,34.023092991175375,0,0.02611843671433664,0.014376138336956501,0.02024728752564657,0.01174229837738014,123,77,0.1996648923859105,-46,Lower
134,120.65638592846555,-30.826266618756733,0.0,23.46233635347537,19.27730925304208,4,0.031103972196946637,0.008387806825339794,0.019745889511143214,0.022716165371606842,124,111,0.1116283082781773,-13,Lower
59,120.76064321410928,-31.185591088753142,0.0,21.5034354272327,4.6157758181107935,4,0.02709985367268774,0.010962414555251598,0.01903113411396967,0.01613743911743614,125,108,0.1232197885875031,-17,Lower
17,122.32450249876496,-31.45508444125045,0.0,41.3997983000256,36.55486127491609,0,0.02332683518775589,0.014175464399158955,0.018751149793457423,0.009151370788596937,126,74,0.2113254817412657,-52,Lower
19,120.55212864282186,-31.365253323751347,0.0,49.57478191442564,32.75310934460471,4,0.02550445856401007,0.01186765544116497,0.01868605700258752,0.013636803122845098,127,125,0.080874054142402,-2,Lower
410,121.69895878490269,-29.568630973769302,0.0,45.89599067377526,13.10570134013124,2,0.026386981727083144,0.010582179762423038,0.018484580744753093,0.015804801964660106,128,135,0.0411469582418892,7,Lower
78,120.76064321410928,-31.09575997125404,0.0,15.061006719615444,7.574178478421442,4,0.02344198788610908,0.012608423829078674,0.018025205857593877,0.010833564057030405,129,82,0.1821517619994067,-47,Lower
335,121.8032160705464,-29.92795544376571,0.0,27.06465237914679,16.90064340755099,2,0.026130642547481896,0.009764105081558228,0.01794737381452006,0.016366537465923668,130,151,0.0189910762554125,21,Lower
58,120.65638592846555,-31.185591088753142,0.0,28.76632870661407,13.633842333848197,4,0.024425170036659467,0.010102501139044762,0.017263835587852112,0.014322668897614705,131,121,0.0974740649011965,-10,Lower
355,121.90747335619012,-29.83812432626661,0.0,29.60080260231369,22.32514456651856,2,0.02267199930337523,0.010204838588833809,0.016438418946104517,0.01246716071454142,132,158,0.0130219333939807,26,Lower
77,120.65638592846555,-31.09575997125404,0.0,24.33687595459512,14.903035005699705,4,0.02214340204971051,0.010385887697339058,0.016264644873524782,0.011757514352371452,133,105,0.1253308749129951,-28,Lower
334,121.69895878490269,-29.92795544376571,0.0,25.19813821564463,22.142764139001567,2,0.023202463521614182,0.009264047257602215,0.0162332553896082,0.013938416264011967,134,154,0.013984147848946,20,Lower
20,120.65638592846555,-31.365253323751347,0.0,43.13712781473163,26.68515233589452,4,0.020321908424938195,0.01186765544116497,0.016094781933051583,0.008454252983773225,135,113,0.1041752908381484,-22,Lower
3,120.864900499753,-31.45508444125045,0.0,44.76436685790343,33.80142853753165,4,0.02058055119062321,0.011596547439694405,0.01608854931515881,0.008984003750928806,136,134,0.0430583000918314,-2,Lower
2,120.76064321410928,-31.45508444125045,0.0,47.18704686106651,33.323043148033705,4,0.020321908424938195,0.011596547439694405,0.0159592279323163,0.00872536098524379,137,136,0.0404642406858908,-1,Lower
76,120.55212864282186,-31.09575997125404,0.0,33.984593110706825,24.16192537197927,4,0.020321908424938195,0.010735835880041122,0.015528872152489659,0.009586072544897073,138,130,0.0609152671308,-8,Lower
333,121.59470149925896,-29.92795544376571,0.0,27.181272857454392,27.181272857454392,2,0.0216777050675079,0.009033288806676865,0.015355496937092383,0.012644416260831036,139,162,0.0047110522435708,23,Lower
23,120.9691577853967,-31.365253323751347,0.0,34.23232378155379,22.19027031399069,4,0.01883242766383063,0.01103175338357687,0.01493209052370375,0.007800674280253762,140,104,0.1259269632698411,-36,Lower
5,121.07341507104042,-31.45508444125045,0.0,34.6274384352384,28.860444477011946,4,0.017974490584562606,0.011022050864994526,0.014498270724778566,0.00695243971956808,141,131,0.0587319741262394,-10,Lower
393,121.90747335619012,-29.658462091268404,0.0,24.113281333309708,14.523294398703715,2,0.019158678209824875,0.009740560315549374,0.014449619262687124,0.009418117894275501,142,144,0.0233504155002538,2,Lower
372,121.69895878490269,-29.748293208767507,0.0,44.71742603678246,27.29447081629799,2,0.018047986856987795,0.009682430885732174,0.013865208871359985,0.008365555971255621,143,139,0.0296111557011173,-4,Lower
336,121.90747335619012,-29.92795544376571,0.0,32.11649466877476,16.80931018492948,2,0.016905249614932862,0.009560604579746723,0.013232927097339793,0.007344645035186139,144,161,0.0068323083871588,17,Lower
24,121.07341507104042,-31.365253323751347,0.0,33.04416875391769,18.90353333168653,4,0.017676700625718574,0.008385983295738697,0.013031341960728636,0.009290717329979877,145,83,0.1819192225837638,-62,Lower
373,121.8032160705464,-29.748293208767507,0.0,34.82782991532146,24.448055994321564,2,0.016114504467976715,0.009740560315549374,0.012927532391763044,0.006373944152427341,146,145,0.0230923479982579,-1,Lower
354,121.8032160705464,-29.83812432626661,0.0,36.54786831229319,26.58682354947555,2,0.016114504467976715,0.009560604579746723,0.012837554523861719,0.0065538998882299915,147,143,0.0278029365230351,-4,Lower
352,121.59470149925896,-29.83812432626661,0.0,36.63439069590227,36.30898874053069,2,0.01569923555123586,0.009217658080160618,0.01245844681569824,0.006481577471075244,148,153,0.0142566959889717,5,Lower
353,121.69895878490269,-29.83812432626661,0.0,35.18677695193232,30.194606717591064,2,0.015813464511764342,0.009070873260498047,0.012442168886131194,0.006742591251266295,149,141,0.0286042272946507,-8,Lower
390,121.59470149925896,-29.658462091268404,0.0,46.84594443361177,26.63167386049163,2,0.015813464511764342,0.009070873260498047,0.012442168886131194,0.006742591251266295,150,159,0.0075473790882336,9,Lower
409,121.59470149925896,-29.568630973769302,0.0,51.33440151657823,22.863062042877885,2,0.015813464511764342,0.009070873260498047,0.012442168886131194,0.006742591251266295,151,157,0.0132077771379972,6,Lower
25,121.17767235668413,-31.365253323751347,0.0,23.14633777138664,20.459794340263475,4,0.01671314408021428,0.008099776692688465,0.012406460386451372,0.008613367387525814,152,92,0.1598482705528058,-60,Lower
18,122.42875978440868,-31.45508444125045,0.0,48.7142701687669,41.54230006604413,0,0.01414141414141414,0.01004047878086567,0.012090946461139906,0.004100935360548471,153,80,0.1903974997205182,-73,Lower
371,121.59470149925896,-29.748293208767507,0.0,44.19742646460232,33.095665246285705,2,0.013672453068427319,0.009483092464506626,0.011577772766466973,0.004189360603920693,154,156,0.0132616648025193,2,Lower
36,122.32450249876496,-31.365253323751347,0.0,34.80392486311701,27.70728899931605,0,0.007519157088122605,0.012116893194615841,0.009818025141369223,0.004597736106493236,155,97,0.1503593311655803,-58,Lower
35,122.22024521312125,-31.365253323751347,0.0,27.34768374294023,23.96305408287945,0,0.005498955067920586,0.013887736946344376,0.00969334600713248,0.00838878187842379,156,90,0.1663062758018459,-66,Lower
313,121.49044421361526,-30.017786561264813,0.0,25.300976014862915,23.55058790711219,2,0.010016138079505178,0.00920341070741415,0.009609774393459664,0.0008127273720910273,157,163,0.004,6,Lower
351,121.49044421361526,-29.83812432626661,0.0,33.69780198812273,32.81940451749811,2,0.00911299356709355,0.008759135380387306,0.00893606447374043,0.0003538581867062445,158,160,0.0068691133540785,2,Lower
332,121.49044421361526,-29.92795544376571,0.0,32.312870439724094,29.563911575312947,2,0.007388999009849839,0.009033288806676865,0.008211143908263352,0.0016442897968270255,159,164,0.00396637863315,5,Lower
407,121.38618692797156,-29.568630973769302,0.0,32.13810435147876,25.257434447278527,3,0.00016124915895222836,0.0073797814548015594,0.003770515306876894,0.007218532295849331,160,148,0.0210117527042584,-12,Lower
408,121.49044421361526,-29.568630973769302,0.0,41.65345024814886,32.819143173792035,3,0.00016124915895222836,0.006282649002969265,0.0032219490809607468,0.006121399844017036,161,146,0.0223251487321262,-15,Lower
370,121.49044421361526,-29.748293208767507,0.0,34.29907145030005,34.29907145030005,3,0.00016124915895222836,0.006264082156121731,0.0032126656575369797,0.006102832997169502,162,149,0.0202854440626826,-13,Lower
389,121.49044421361526,-29.658462091268404,0.0,37.64120460062662,34.15622708436059,3,0.00016124915895222836,0.006138394586741924,0.0031498218728470764,0.005977145427789696,163,152,0.0160179786542343,-11,Lower
388,121.38618692797156,-29.658462091268404,0.0,29.01455320510325,24.112387890412155,3,0.00016124915895222836,0.005978071130812168,0.0030696601448821983,0.0058168219718599395,164,142,0.0284097873519955,-22,Lower
